year,flood_km2,n_images
2017,601.8130874450508,20
2018,427.6443792423279,20
2019,687.7695100069194,20
2020,554.1244699107973,20
2021,433.46297248271986,20
2022,641.7219599227626,20
2023,433.75440426891277,20
2024,554.8385416058262,20
2025,429.69383703119325,20
